{"cameraMode":{"drawMode":0,"name":"Shaded","section":"Shading Mode"},"sceneLighting":true,"audioPlay":false,"sceneViewState":{"showFog":true,"showMaterialUpdate":true,"showSkybox":true,"showFlares":true,"showImageEffects":true,"showParticleSystems":true},"in2DMode":false,"pivot":{"x":2.769062042236328,"y":-9.883652687072754,"z":-6.23984432220459},"rotation":{"x":0.12693117558956147,"y":-0.8727661371231079,"z":0.3453693687915802,"w":0.3207613527774811},"size":39.56519317626953,"orthographic":false}